{"file_hashes":[{"block_hashes":["sEEXUxjgJBp5wZwR9l+zranC7b7x8JP9X/mzHsWEoPA=","iOUFbOfdv/zgNvwADd4TR1Qeb6/BVTzMG1s/Jf/+jGc=","8XtqGwmcmE0IX0tVf4YQmx4f+Vi/TYZY1M7snWCOL2o=","0rEuyDUIQWB3IxIFkj8vQS5MWaJTSwerH9uPQgbYqKo=","dT872rPPcEEEn7sc3cRo0haE+3di50te3bBXlC/DIDE="],"block_size":4096,"path":"_locales/iw/messages.json"},{"block_hashes":["xklkoZ7iSU1+7cd6DAtEmUC5lPFd+EgcbnzxkOiFwlk=","3KbsvoxKY/3AwqgF2aAdVQRpMhsNVRkQ3rx2A6Z2Z+Y=","o9+tsohquaCMj+70zeinRG/hBhA2uLoDl/WoC1uokME=","xV/K8xucyWJELVT8Cqn+ugFjobBVmg8pnmACF+2PP4Y=","p/mvJm2wuCl32Rx3it654MljKAsMe3S9IDEabc1A8mE=","j8mPrTb5oOsBTj2Fer78JE6xG6+kR64Cvu2SW8d3j/k=","nqSRpGQ3USU2bZJsZ+AzBmFOyann8omwJrhEWFZDTXc=","eTcQyJUuNuF9yCga/fXGyFCj/pysSceanhBzksdx23s=","Wj7faqnspelXKMvnduxHn1XUBG8TEOqyns7/oUihekM=","VtBwXoadI3EP336rAiL33Gz19KGqtN+RYdKnMKAXoLw=","iDgLXQqXJp8nCZxgLuC9LXM45DGfufvGnXvmHsn18wc=","g+RfdDfrWTUK0Pkcsbot7NJ4SC9wVRV/dVVMuHAtEj8=","2oC4HcCuXu3VjFf6wnKlznt9uqQNaebcuWpm/mWj69U=","aMUIpuFqPMiieSaWhIktCK62v2P3OZQAWupWsYzCnvk=","Lnb2LEtMtLWJCGUtUWftkTJKYT4zghUW+ljGX4+sMR8=","uD0VvuyrtMX8pL0Srswz2hCkA7SmqjZnLilZfK9gPBI=","5bwMxC3nb1ezecoNeVioa1ZQ8NaMfIOmW5hWVw0zs7Y=","8SU/I+rd4fcUukIumOV/9Fs3XQrGmugUgWHudyHZ70I=","mqVry7hishUun7pF3sSisqWrDjtBlgxkgu5VoS3KtF0=","kb5ooIgYWxs1F9yz2sU1Cc5u2CGefQHoUNRvf7gogwo=","2YxkAo9sFByHglpi6U9E/0XY1TUx9CfBWUKvq3ScP4c=","ZkMVos9J0E+0rQftLM+orOc0HOX09RCRkofVzUFaA/k=","mR3Ih3h6UvgYhwJlKO2xO8Mr0hLErDDs9JyagXXK4hI=","39iTX4rq5sAOWaoOsn/agKJDjlZaMfW9QRLM8+oN360=","JMqQGf6Wm+opg8xL+eTMnsLdha6EMX89wlTLr9UWPZE=","jsj1zH8moBkoh6nBWAWtrj61G25oHBpcnlQX1PsiOHY=","qJdgZ4n9eZMi3+Tl8GfnbcfZUVaRi1pv24kdbY98Jxw=","fiZ0Y3o4yqnx3BHA4rfVzZqHkFOa+3SqSqYwdvdurZg=","KH8Hv16c0W52KIBIVnwIsDz/rsces6rML4NSI3bAmFQ=","jOlo55B2UypAU8z/YCzSTTJ1j0VNU6S7ztgSD/JcXT0=","MlEMlI3tGc8st55i5fI5ZvQFqLeqsb9vG6Xf5GHLing=","T6a2HQbXYdUR4KeNVId6VeX33e5Pt0Cp6SYxF1A8Yf4=","pW2IlryenDyzGZozQtj3hdg4UuGN3mnTSNurRDZmi6U=","IuNqXQIIQPrDykcCqqe21Lsu2M0j1o3Nall7exENWs4=","w8HKTQNCUlGfaRykptWOJ49MnRz5sLZdu9SO9ug65lc=","ZqkXoqesZhZgnCh6a/f191aEF1JRL0aON36WpJSfHRg=","oyxotQBgCVPUIvqCiFcXXM1qRjPOUFspR6HN8ugBvwg=","Fv8erdjuEWnPZGUYC2KObvT6L0kVcYsZwneYO8eSxJ0=","7CcGnDOHCqdytvRn/wnw2ZsIv68q5LNVOnU4RtYgo3g=","As4QTQlc0z3wyao0Sn9tUBtEH6kabRl1TaRS+3rY/h4=","/VRMj5LlILpi7BJZhgs54xqV4YzzBsDQYjjlIzlCK0Q=","ntrgbnh9ZZk3oJKThQuD3T5uDAe7O0suhPqkdu+RHe4=","MeM/YkPuzBEnoq2xwfZoTDsaP+fgwRmaJS93IXP6dtM=","keHySbUV9+mNuSuvlLL/ROzC0xD3TwSy5HrT69OY6C8=","fueFpS7h95b1p1Mj0q1e4y5izSN7nZc2ixfwhcqQU34=","IdVoO9VsgJXcxcOiPvKVXZwg/X6uyD+CXsLxzICjgWI=","esYAHpxdOqf2f1xjhDF57WLrrwcqVZ9ur5gsy51hQ+A=","9n5EFHi2s/k27vnJXGjAvTSAQIpHt6NmsnUT2C/Hp5Y=","uQprQbtceJsF77cFj22MsfRz8jThygY7MwP0zrML53Q=","jseer/wUmlrKKrgs10F2tmlGHPnoa4dKYpRHYH8gz4U=","/bY3eDTLWwpj9p95PzJK2MxXLC8MN/o393MquiZvvbk=","LD3vFX45IHqq7b7DkGm/ko888r6hWR9tQt6V9q41Nb0=","cfD1frO58Dj8rNYk0wkICu4fgj8DIOu/S7GFxc+Y+mA=","M5xPAMt22I3TfjIje5UQlDKOTTUHVgW7JGWZxaKCk0k=","aEOqhI7WpTuxXb77e7dEHgskQeLF8xAd7qBMzXzbN9Y=","t75WIz7D1SnWHFjaJN+hNzjsZqzWaBrq6KCFWUBRYss=","xTbBYM7NpQGIEPtEENPsIh5PbOUjzwtVstNT3lmyAFc=","xsHqz6RufWvoiV2/0+xd4wLnNQPRIaI59O4G/naqkXw=","pSNgKAk9LL7vpXDNbOXKqu3/lBQ7R2M/8tL5J+jHPHM=","cqdrUsXvEFzya/4asOQWwptUUvunzMS7FgmXCriZyww=","ZfqRlQL+xGVgWNjWL9OYJ2LKaSDeyMrL9HeWC4dIU0g=","BC4YlRCY460koHkJ3WwwuGV1f1LrmwYcyEZ5vItVYoo=","9mnWdURppHkpOSnItzbpAwQvBrnoUJm0nqRgrRNSe7U=","2keNiup23jgarbPOt0OyPiT7/0ARVlZDgKZBXM5Xxlc=","MzIXiZYokhQc8vvoTE6JArD6RCENeMgfw7P3nf6VyRE=","+S4NHiOlmS7MVSShVKOJNzusXLIL4ZbgeEgVeld/Qck=","zWJgbxd+WHbJnowk9N+cweNhCJrxgDa3xrl+XipBD9U=","7OxLRi9fOmXGFwvUd+IIzAL6BLVBz4jSQ/OaIhw6agc=","Ky//C40FZOLpEThPFWYW/PH/c/dLy/8ZjTQlQWxg2HU=","ycm1cmA/l0vIzbUR4iBBu5FQLb1IYLYeaSPDjUT/+44=","czRr07/4fPHuvWVN/7Lbvmn1MLzUPem3Cd0hGN8xKrQ=","fxUrpr1tLojyLsgUnhlU+sGkO1FbwThKxNN6QXwtxHU=","b9YwGjOtEXHEMUO468o252TtSkUAXZRjniOWOUX1QH0=","YJaL6earvwadY/S7oemdM0gWaYvIbVq/HtBQDBWFBGE=","AhytdFyMv4UwfXUwjfy6Cv4OQgII4zcMyvJZBScz5ok=","n6B86R6wzMZoUljYYpsBNJU5VJR0Ev/z2EoN5cvraR8=","nS3jg+vKckjVrhIndreZ7yqXwvF7xFwkCflo7HbFLXA=","BVam6zHAoD78v2b1A3it6cO6i0j1+1punWwKBtW7VeE=","/5Rz6//XnzMZJKkdNuEUwY4HvRqhYUsvvjFwxI/sZGg=","xmlWIihGHFnewLUmmjihS7rJgMPx4ifWcfuiRcKoBkA=","D4MkHKL9wWEtvk+p0qQzp66GSDXelKvoQBRaHJRI5Ec=","W7BJiBcScmodQzClJyf+UFD+3Kz0M37ofC1sNOSryaM=","500LB+nkp/oqoT3jSkiNrNQ+aKsYgwNCb7IT3DNQ+HE=","15rMxw9J8g20B+ytOAKT9oMc8Kcbg7LpwETvQ6evT5M=","NYYJYSjY4uc5M9H0qQq5mJv7uGQMgew2yyY6j07ZmX0=","fAeoOxIfYMhzRgPtvLsgM600kt7hUTC0x9cxMGuab8k=","YdwjuwL+TIY6XF7YF8tXyGAKdXQv6MeP4rNN07TKf2U=","AKAGAaH6qZAKkfHB0WVotHRfdJcYaKRZWvuXg6hwHvc=","HvzKcQ2xayjSLkZSdzkzZ+Kc+txkztnseAcmTa9KrvQ=","aiiEPCPsQumggPw6+QbEa4UlC0z/8/lcppiJP+Tt3H0=","bBJjdVoTU/AT5gx3+VmlDBIlZiwM6GyaUkN7qvIItqg=","QouCYr9k4jEqO8qtP7S9mVYu1nl3qMqrANGAoQvmRXU=","8UChVyVoNf1RiWYa72Z/sxuyjF7W0p8dQt1eNtMhX/M=","UCRdCBeh3izrVZRsGCfPBSDJ+0fXYCNMDjTENFE6R98=","5arsog3/O14faXjGzrcEvH3jaXtRZsRC5eQeksnV1no=","fKrwzj9awZuqxgeh2oxneSzlT1XENZHSEZX3Vztufrw=","dEaSN9SRaYDk4BI8xRGywXGDFSvd+wtDA19g32ZyeVk=","rJKowtXUKAKIS4BwZ9Whjxc6EpB/eYNN6+t7uR/5pbs=","n45dpzKzpl2KHhG0T4WChg97zi8qIQYdmAkqH+Ej3rM=","MS2Rk1N2TtYleXtoPsRgcRCsskfuB/RNJfP0JnvuXos=","Lct2X0Qy7K0PIoFJiJz9aZQ5nCKwaYHRwOTx9Izd6fY=","ppchfTCSq6RbUZN1GN38ZvveoX+AHLtWQ4CDBipIico=","PKVwSCOj+jw0UvJGG7s2MmAGmS1dDoehGqKWex36/HU=","vK7kKgmeQYeSNqZhrbbaNjCZ3CPFAD1gOXuXBLXCrP8=","F6eegfAbGqywM7w+PQUTadoronfEuP/nx+xgrN/Yd9U=","/xg+Zit6MVUi4NuLBpNDGwdwrxBN5jgQZ+qQVKGLmj4=","6V9SFbClVATntIRwcJx8RYvtmrEsg3dOLUBvZChzuTs=","Boa3jQwC6ngj4J1ggapVo3WiAcM+pccLmxxbI3tP8Rg=","c3KlL1JXls/8cOTv9DSIFhTJA/m10+BmiymjuH7btkI=","fOcjf57Zp7Pd5btEI7kD/EZTp/67Fsyy1qAg/Ig1+nI=","FiM85EaAgaHJ+NQJ+Z+kP6FDNzUp+8+aVwQglxLWYkY=","c0WudaR37auZo86lWJurfOQVcJmIvouybQxXmPvLk7w=","0fpBcUpHSl9PkGxt/LE8XRPbDwU+FTUAWt8bCG53AJo=","c9qUqAAfp1eqTzSOLR5YIJslaM7eTbbHWwo8tI1He2U=","mK9bNmyJZEyLeYUTUtuEsNDqJdvcglgi1fC4H0CKgjM=","lDiOQWUqIVkM5puhWouMI5dx5Mo7VNEhGxqitA1bQpE=","gc6nB9zTfZir71IcZyz5KosWZ1JhqQTANL+EKBfzz18=","ddcYAJnXj4dBtZiZ2FXWOd/2vJFO+N3v4d8PiFgj+oc=","ziZN3La/hSR1lzR7s6KVgX/8wlrx15o/Uwpl3wxfXj0=","uKedqMJFcwZaEiEKeoNxGg6IfR6HUxiDBeXBZeLeQsc=","+i0ztdYnUv/NogZOW5DSsxtNBf5+xI51mGEOFMp+Ucw=","aBfPBmFZNSCmrErgq4ahGFFrDl++K64z9Plqy2YdmXA=","CqXM+e9CYauLRV4UKsHk1uCl9IQmTxbwYl60vKYwNug=","tDmPC/O9Z7O6k/AG3TNorevKa6gmCChWRIR21lJWMI8=","145rQraiItYM9JA0wNKrixcsu/rZQ6dGC9LQnMgH2Ag=","vuFq0LAw5uIDyzTbWQPKzCssQzVP0lFy7WxnoZcqO+g=","ZaDo31fGuA2OmhZpj9LK5p1prVKg3uOq2dIRldZOGXw=","DthrEunk43s2HBuUJghaEKVWPyQ6Xf8u/s7biuPBULI=","Eu1urchqEOq/zgzkyyIvp5bEyoZQOYt4vGy2KeKPQ3M=","Lur73/Rluf1EVPzqfjtHDryDoArxVDnpxcrW7GMpoVY=","przCy/o1wr1/sFcWpedDs8riNDvx+fGVMguZDZGseSA=","EopkSnuZSEzL8yigefWGuFwUMVVB07cpr0RZ/8L9UvU=","Tg5yNFCsfMpCdCi5BQxalQsE6aJV7iWVRlz6sTC6lAw=","R37GwUlm3ss9ekUyJ49vVXSHL1bYfmExu40UW3MY6NQ=","7S1X2RvHlaUx03XU0RAyWNu3mIQ2qs1OTKF+H8ZdlQc=","3vJWrRiHLp4O1UsylMIhzpt+FCPWaemcToJSVR2r2Mo=","jSQ7C0YoF444Rb8TKBdH3Hs+FHFU8J0Ab4IsFpR6gHU=","/j0urAiz0aGjV0k6InjzTvfAmFwjo5jpTRdUzPwsCUs=","mJXE2bn9dx7S2hlVyl6jaqcIYkimukKwEJLLQBYU/qQ=","RgHtit3O9oMSySm3o8qDtCrey2Jj/eLmbomDThntPCI=","hMlOGOisWMOV4+Z5BFhJ5MamVE9GBp2bL1UBPbzSbMc=","0yxIHN/DjPFvBB100Oenchi+BuUSkhdXy7WzYlEmtvA=","42+5zsv160OPfDHGKeVoGtYP6Kl/b4g26HWk/GBOP0U=","YOKP5NBoYCztiA+78QEAMl1kpD5uCXtbKDnbTuqFhRc=","1gD0eh/4NHHuuqB+al1yiGX/o6Eh1l/5vl0ceaYV6c0=","9mLLx5dptZvW1/Y9Mhh+vqW2dU5XMTkeVs8YOK8MofY=","XHrldkGrRqlpJV5K9JOjZpLKDeBQE4OqtiPJGCj31mI=","zVw1h5lGc73rbOhEW3tK387AmWjq1di/+GwVYzerjLY="],"block_size":4096,"path":"angular.js"},{"block_hashes":["TXX1cQzm99IBUaVQzGhQ4ap6gio+jY31k08x7iPfbWs="],"block_size":4096,"path":"background_script.js"},{"block_hashes":["rJboioZq8+PiJ1s/M+8P997NOpFp+XL4a5h4rJhX/jI=","8RxoQ3uygKzTZJ+7d8jC3fjtaQPlU1b9+Tgj+VR+jlg=","n6BYw4IOmN8FHnq5fhzC4pLU9fvikLdijTAJ74wHstA=","RMp0HplmI5H9SL7mkiF2JQRd1bg1hytqxN0+EGAXLKs=","kerJc/lT0k89LytvkYHN5ailwweD+xhQrEAlkzEf3Is=","ttt1x2As/8JpqMd3DWqamSbotJHVTcNuX3O5czYcob8=","2VEL8WYYkLDL+85nhloMq0uNTJ2Jw3kVLNUywIeHUI4=","LLAJ/n7TterffEAAvRu3bQjC+WNmvdqJisFogJQRSrA=","NRC5fpGTI5yIeVb7HwYGh2xDTyDXy/7gglckIhb/JD8=","pYXWGAd1yio3hDZO/izmdF9pRhoDi8JPFMXFeUBQ9rI=","mL26eEu0cvn2BFhHSXlQw7nRFLbPeBU0R4IL1S0oNns=","2Enhb0U8Ky1tVxgxq09lhrT/NALiRU9mCB76vDpZ/5I=","C2pppt0ONKi7wugkHhBDBS6rM5jpLd4j9YaBjtOVdT8="],"block_size":4096,"path":"cast_sender.js"},{"block_hashes":["F9lzEUzpaN6yK7GDQJZVCZ1kEVICPRFoMWzWJ/RT0LE=","QDCbfTXoEdvModIKGy1KxTdw1FsN9V85WOMHbHGYhkI=","KY9ABaTFXBvapzim35rpL6bxKhCFBacmx5WYZWp5wzo=","kTVP08/LlP0YrTi6ltOCGGVimrn3Zhs91cIC6KQru9M=","cLpd0CWYyeuTxox8e+KjAsgA2nQNnZg78fnrhGZwFuA=","iXBU7Nrwd2FuV7JS/9XW3npBZCzSkpC07vVE7a5yJZ8=","RI2ROiWk8+3CA+AUhjcEl1cQgUJGj3JbY0+n7iirXxE=","ssPd2sjIi+hX7hjvtEQQxWCh5m1OUKYZ3AgJ1cdo/9Q=","cbFDEvbvRu9aRTaWMNyglY1s6hKmhoRaDqFuaat7Bug=","KBXFLLbzn4wZgw8vuAZ/BMWzG3XnY47+BTdwcx8zi4E=","YbGGfe/pCqg0kvVe1MekugJw8k+df7KrAAkQQeee9fE=","JuoHzbp61Jwh4sI00XG210YIwlJ+r875HV50a8IKcSo=","jI9IA+iQKJDC9/NasgE320qAM8ZWjk2EGhm3pkPVBpI=","E/bRT1cWG4Hi9WI4sQfOtjTDBbsz4dfLNJsBrRTbSNc=","sRzZBa87aKcW88+Bw8eZXwAmAZjCB7xfgZmgDEwe4lw=","+ULWYOAOMPDvhhnBTsfoFtUCr7gJGeJY8G2sq/YqeLU=","g47jgxZWQnGB/ILvgJz9SGEM81QMEz/hbty+vyHIKjs=","C8KNTL/9HzSBqyHPjUeq+OgZKpp07Vl3lSiwDvJS3Ug=","yVt8lJS1yp7KtvcfDnsfTVJ1+E5witGL5q37vw7Occ0=","VbEb+yHttKXXi2Ul2+deuaZnesuR5l0X49FsdVFXYoU=","pfxX1J6q+fx1/1iue8vXMowA3KnsDuc9kmA34qmj7fM=","Ge+EE145OfH/QMDRE9QS7NhBgPKkqePj0fJPsFssirs=","3KV0dKRIYyu6JB3128SNRC0+o2rthzxvAuC2N74xU/c=","ydeK5BdUz+n6I7oveiV3ryWSJG+3kqNuzp/m5kBCZms=","UznczP1/qpP7uzNjdARfB0sCLAELYpyqh1aelKDRVvs=","Od1E2mADEGDNH39QN9IPH0xAp9Y4isRU3sPSe4tkiCo=","MvaFDXfzp5fZwKMxq64tKR3/gc5c2gi00otSF+sVCUA=","qfpZ/rhNAQ41sHA8lskGWu6lgMDMTFuvFY2oirxxcr0=","CWimz9gpK/zlzOeQx8KDoKcnhXSCjO/Z4vcoVGdl7W8=","Gm7Y5ApVvVa8h8oG63QxyW4gI6OFEscg9PWYwHmvGiM=","tbjkhLRjAUuEhFXAPDX39p7g91RGXK1jOiV7h1kTX6Y=","arTJ3z1qvW0yOXJfg0gBJm2c1N12pCnN9pH4ID0AQFk=","329RV03RysAXTiVX2oHq7XvUHixD0TtDNmc9J0iiTRA=","5xrBR6TSZwRuT2+yrBdmsMGYbYMysIW1Oktb5TsjTdc=","9n3/ifOlobLdqezYHns7KKAIiH51/YZzL8zMayPX4Xo="],"block_size":4096,"path":"cast_setup/cast_app.js"},{"block_hashes":["MgZYQcljW1IzKvY3IiIgWpKHSfmbO6rjKZM1FZ2P188=","DLGphte5LbnDdGH/OckkxlzcocHzrPdl6fr8xFbpNNE="],"block_size":4096,"path":"cast_setup/cast_app_min.css"},{"block_hashes":["dTwALeCXDQcyvhysuprD4451so0ugiH5+n+7R3ARtxo="],"block_size":4096,"path":"cast_setup/cast_app_redirect.js"},{"block_hashes":["taGCF4ENrTOcSVKI7QV/FfANl3uFO87L3JlKRoPD97o=","EltQy9OX8Q4Oy1HWZBAVFi/ap/KEE14lgPhwSpvpDMM="],"block_size":4096,"path":"cast_setup/chromecast_logo_grey.png"},{"block_hashes":["JeWGdbydRffIYOAWNzJqZh9oodNg4lCHBuzPpAjt0j8="],"block_size":4096,"path":"cast_setup/devices.html"},{"block_hashes":["0nkscO9XXZ2CKtbiuAS+wTonSuyWmw+New24s12/qDQ="],"block_size":4096,"path":"cast_setup/index.html"},{"block_hashes":["JeWGdbydRffIYOAWNzJqZh9oodNg4lCHBuzPpAjt0j8="],"block_size":4096,"path":"cast_setup/offers.html"},{"block_hashes":["JeWGdbydRffIYOAWNzJqZh9oodNg4lCHBuzPpAjt0j8="],"block_size":4096,"path":"cast_setup/setup.html"},{"block_hashes":["Tbi57Z+pWyD78b832yaZEVi0HSfHECbCRT0OiliN1yk=","6TsSxcRQdeKSOVgMDz7oZ+zRyS+0XM4+CC2pmPWAd+k=","7RFxC2WQzZnWkpMQLIHM8xsMrQyDTFQqD23WtypuIBk=","2d4LZbrBYMcaMFgLjIQCjpLJOOMbz3wH2krgc7GRojw=","wh+A2H3jFfFtMY8ugQX8Emsoosfn43ul2BHvvMs2Cm8=","rDSKoO4UjxsS0e3qZ8kPsWNzmyXF2qXC77xpy7Jmzcw=","NiC5FtcOg29XzPg+pGUU4YT7sb4BFOB9BGWCdnTBu9I=","pTMIsH0Phe1zbfGjatwpvPgQN1sQXBCQjUwNAOkVysI=","GkvQXGTJGqbAAhjj5sHqNL+oWw//dQj86zFd5tv3TVQ=","Yb23LVbKvFeEw7p8M6a5OEhnThPKs94T+jWWsrE0q3s="],"block_size":4096,"path":"common.js"},{"block_hashes":["pYL8INvK0ZGAALaQ648jfsFOW4Nv1/eZw1cC2I2+aGI="],"block_size":4096,"path":"feedback.css"},{"block_hashes":["Ddrzt4b3WXKKBrhCr4hvcKqc2bboUcabiZar6MZXnto=","hDP8jzIfoDCj7aPTCp7eM9i5KmZyUwQjbfaRryFEdWc=","h9ZLHndA3y6eGE7uLN+trbR37mHGidGjM9n+ejOCL78=","OuY42fSF4RhvvoJZpljsyFoe1GCZ9WXz1F5kzynDJDE="],"block_size":4096,"path":"feedback.html"},{"block_hashes":["/ctSsM6aeKogeLvGCK/YQrbjGxlGN5ocSJio4MF3ilU=","9Lwt7rXhwVy2OQmHlgRyt4JAQ/SDBYPHK8F8DM6Ku1w=","f8VapP89TSaN0+s40hbhJEGU7eCyOMzOwyquE8tHhiw=","Ut5+ZinPP8nEQcIo1pIS0BhI2pIMwLkWLvIZCsAZtB8=","g5b4DpQnHmNwUO46BEUmho3e2hhHWXYLNZCPww7Scco=","m/Yp3/guYFhQbL68XsDm0F9zj84B1tZ9lG4jL/xb3m0="],"block_size":4096,"path":"feedback_script.js"},{"block_hashes":["1CjLSScwqkv0yH2prbi+eeuXhSyT5BTv144MG6BPgL4=","Dtoo1w/5LGY92VL7L6wWZq+mDtm0zJRRGNtbAlaC0KY=","feQjXFN4y0r8przND18n65MsalRx2gkPYaN2ShLgr2I=","j47ZWnWQ4H7lz5JEnVjjkudNabU+D+vwdqsG9EjIG6I=","EEkDUosHbnFKSheU6hJC3Rc6UIbEmIbt1W2blr7MebY=","1hplFWuAzU7ktx6qMehrUJAYPILy+xIKRkmhv5SQqOc=","hSJZwJhr/UjDsNlLZCNYQ12zn06+QNJtlD17Kwd/GdY=","Yggj7E/S7C0EBTqOkBw3D0K7uZi65Bp+RqM2Nn88Efg=","mnVFILJZAuNbgHcamsd59cDU9OD5jlF7EBsH1YMGEK4=","jJ53OT4a3Z3sVte5g5Gngui04T5qJwOoPXsCjIBqgh4=","aI8KuSDRtQtC9FYRb6zZOZ9mXE4MTd7IUPSmcaWaUXc=","6K4VmgvrWX0ox0wzI4g9xyNdUtkRwxM44tiX1CtNaK4=","SIQk6PqeTXh/2V3ajt7rQwWgHH+PxgdRBYDJXmfczUE=","Uaxr45vWooSpjIEsz3VoQzwTPvg0+VSWPVzB+NeYj5U=","aUx+p4F6KkMZdWQQFSL4YhJghlSzXoCCuHCUYDAsvPc=","3pvLnL1JgPZ5FSuJjQ60MEb6p+gtK4mR/W82AekrahE=","67mc/yqsueyWI8Fns2mbE0EUvRse2x8Xy+ffxnuf0KA=","AlVZVMEOPjauOlIus1LVNWaCkn83tWXNWK+xtoZcRQs=","0BqtiDeBGfjraIyWZ1/5RYmwzRyllR0ecKrIZDNW3pQ=","kWOoDY6j1vjm5t1aozf/ciykDhhFQjXYCl/kOQhyajk=","TaciI2wc+w4sSdWJAxyrOpkh6FpgddaWmqSznb6yivE=","hw1QrQtuav2yr0pfnnWi+ZRZyYt/S3WirKJagf6oguM=","+/tDgl86L7uSb/15IdY04fPCYp82SKFKgk9ETnVuBOE=","DiUzldDmLplY36h4yEw9NKhsbd+/GhCCTDYXAisYJ6w=","smMJsdYBtnyvNogmjKzMIEWcl5V00ZX3jdoIpDsL0vQ=","7NJyqWSwwrj8bHeTOaEKB7vvFxOubtJUCwDBUgaoPdI=","3I9/3k4BfhHHZA/CHOuM1VRTQLYpioX4BMHUrkrbtJI=","OA5FIT+Fd66UD4c1NAvkpbqaqr0gQKo8PRR8cRa6VG0=","GDxcX22WjwhNswpWy/+lpguOQf9E+SbV85BpswTkr5I=","iruNU99l4xExB6WMzRcPgoxsBq+zZAln2XAfiWB3m1U=","P7izxObGnk0GSm7u+AMe38r3p9D4THzqIaO0ioW5ldI=","67Y+bkkBYKV6ut9eNndkO2utFFtXGixVL0yP20XdqUs=","SzgjPiWU7mnxsRZjeowrE+HUUavhei+IkO2cWQknui8=","xsCi+8j2YE0rFUq5Cjkitqi0Vw/qcAWQ52Z4ye3c3Mo=","GGUnVfPy9w9f/9Sa3oTZ8d9epEYkdpKRNGq3f59dpl8=","cVNJA8TuxEm+f7WEJh0y9aTPEAgPgU6ZN3EqEOHYDQ0=","zhONKUsZgUprxH1KfiCslzLWRpS9iVW5qGI+aPni3TM=","Mnpb7KqVvzaZU3RY2Ne4Gy8UEeDlR5XU6zz6akmjcBA=","NrglHii7UNfkIjK/7g7jDYKWHm1jQBxBU7irQeaSq04=","EnqKZKKCD4zPMLfres9E4DZxex91nMvIx3eglCag6CM=","eR+x4+NoSn61a4MXwZaYPMW1LCaBDa0Sr1LpZTTy8+Y=","rFBNhu9uVlhl0WfxY8QiBUcwRMzCCO9+fahvXbrHp4Y=","iWKss7bw4KgmvjIY88FxlQsWW13A09211RmBqzbXU50=","BVHSCyHWKSHNJ1UTk5s250zXgVbvsP1fuX6KIldVjy4=","Za8IF04O+jvpBtB4x1f7LcK+2teOCW+YlPiyvYa9Lsc=","PMaOiBfRbl9GwwAcDxWZ1wIzZ6lOw+uIbX9yUtm7DpE=","i1l4BisYZO0/9W+gUvJzfVlWVi2lsfb1xPcdiwzSzsc=","u370jLEUZ+L420HzGrk+QUdpXnpmctcceyr6qzniPLE=","452cWmAxDH0BUj1UVck9LJaaQsq2Q8G+raq6CQS1N0k=","0Yfy4XVBBA8GgiHcJPdwe/GgTOmixRFTdJHLYq16CcM=","8e7KRXWDI9vKsSmogdHTOFbnVcwcpHIndzmZwlf+rCU=","l0bTOaLEuku9csQyjOMbscN8yTQenKNIjjKe5s5M+jc=","cNxI1hHT9IcNVCIZcqKaH3jlK0DG6cM9S0BGmRXIahw=","ry2F+YJyFZYIhZwVwh8vgDmrttxWN1TT/sy+mP8AmJA=","fPO7+UCH5cy2OP6RaIJmu6DcNMKC79zta1xuG8t/2m8=","2mlAO7I9QbTAe6qeS5w0pqBxALmwKLY9w6LfhiBqmCc=","PVNc7dCiOFjkPHmWsT8xtR+Gp5/ft54RxugACSDElBI=","WCmqTciRcaChFIfNcwmo1AEgw5cksAWrZPA17cDOAaI=","cCTEbnApkFue9a76JQHbQPxh9fapFcfwhPTyytKU/Mc=","IqsK8Z5DNh9fij4VuskiuFTu9Z5wHEC1CCgi0wLCmH0=","r3KrCh6OQQSf/Y8tz52Z4b6x3vq1pfK2kG7sfKyvQqk=","kAZj3EVriqHSdqD9XPOG5vzsVyDx/fhzzbfkeo5v6Ow=","iH76n7BLFLvcbiwcrl24kbkF+ejM+kotP3vko6LEUdc=","HImLR1w+klWb3W2gh7oR4a693w7C1Vf1BUXSEGQZZSg=","uKtv+yD0SOwwS+wDjGudFexsSzJ+37WCrT9whzVFfQc=","nio24ZpGCt027BfPcuZhqp/m1h3pjc400Ig8bV6V6I4=","9LRRRfPCRyXMwM72GlpQw5AUFNzEY8fxnahF+1iAnoQ=","tXvH45N32bHyDEmHdiR9/FqDoITXdDpBKL5Upwwdn6c=","oXQ1ngcMg7LrzILLV0cbbEllmGlKRg4Z+Cq9gB2jFRI=","JUbpGj8XlAIV9Z6vH1OpVMmf9Xo6pw+8e33SKFj5H7s=","cGAOreTsPDi0hCnjzbQPg6C0fPYQIFYIqszIBevFOMs=","jTYYCq13LHHNXF2pjlLYDQEBEgRS3ZcaNh9s9qnVosc=","l+3Hf2pRp5Au7M9GnADT0Bd4ebC0D7j4fPIDOZHJa64=","zpMVFHK4oOWyXadPP+7PL4qKt+mhn7Mp0fvPLSF6lBQ=","dRnLxmxsxdV5fzTiRTRLNf9ExjHRk9XbLRY32imAdEA=","8M9YgbGUxLDV1T0Z2BOnsGO9TuqxR5OIV7fMUXEO/Os=","mnc9kNTdYRbgJ6pVqymsq3JlQ6/QtLdZQYeibgK1S8c=","UjB0NbFqfeM+NSN/DFhafdkMCjXm1b/wR3YuD+Kw3uA=","jfASaqF5MVU8T6b1iLlynA7Moq6hFpLkyp5Desn2DEU="],"block_size":4096,"path":"material_css_min.css"},{"block_hashes":["XpR9BGq4xkxkuQl1ZF3AdnfTX+mK6AESOLBXqx+/zkg=","UtROCVLWEWNbE4CYLwvQZPzFHIwmD65P3gL5TC12mUg=","cy3qKA/VOK0nQgLpO1qsXRZa5xduoeINhtB7O0679qY=","dy+u5W89D/zcPDgxak7xFeZ4Zp6KScV3F42PzSDYu4E=","rCkJBRQ0IwGTGxkB1VM74NGBfhvmwleJuZ4MCTLBNLE=","rwMmdpZrGXin5VKnoUN+lAbJpQdFz1+0sYZKagumB40=","759qwfha1OhlmfnuIIjp87cJ+PwNK9CtLvjTjS4jsxA=","olm40XtgFffAMa+xs4XqpW1pBa29OhrTugIrmoqsKxc=","GgybkGCphQSlqb8wGuwUw3S1tkVZ5ocd3Ezk5+x9RIs=","rn72zMw/E2weCzWqWbwYFUNc1fLO2tb5ec4sm796szo="],"block_size":4096,"path":"mirroring_cast_streaming.js"},{"block_hashes":["tQK/2cCLLkqx4YT4NNfTXNAGW8WMnhREEHKSvmeYZrY=","RWd80eubNGNbQ6O+zrQxOJCrVed6nhHe3SqgOpGCrZo=","907JNE3B8GWMFP+6ODZPn7PYQ8/q5UlTSjhVJQr3zaQ=","9j4U45W2wasvl5KHiq9kM+BWB6iqcB2fhsD304xYYso=","j1eMUTDVGd5sh8cxe0EaKpmhz5OmIJKIq7Coa8wVXRA=","NIcIN1lpGpO+WWhAKmUyL+CoiVJhyZ+HzWMbU09eUrU=","Z6rSzHCTcdgCD058nd1ikhsgt0Zu1uXD/C4PSsKp3Gk=","eyw0Is/bpTzFu0VkxvyFmk75+L8/ordJWygW653oLG0=","s2asGlzbf//ehL0qFjT+3OHK64kN0xORoptHpuq0yBo=","Tfj1XKvJKgy18R0Eiv5DvBACblj3YFmYd/O1H7VV8kQ=","dSUk37n+bYZBiWrAInLNGu+N57y0rqHAoVIsZcy3p7Q=","PYclwPxmqhuodBh2halv0OYPwn7f11o8arcBAZ8yuMY=","0HSkVZ4tXiB9zeSL5oaCNYGc48PPtMPIH18StylDffU=","+gfBLFbIfrBJJaI2XgglD/pHlpiyCZ5YMhgwCInmfyg=","Wp7EYx+b8QkvwW7fcLq58bQzI4NQKG7obLXHPCmJD/w=","E3g7/CFcb/YhkH4wwbrnKB9BU2Ndl4v+PCOZkz4IWlg=","ulMiyGAIqCaCNEDMl+4W4eu7wJVF58e7AaTbzqj25Ok=","7D51ijwxrskYV+pvANWR/JveTE4pwHU3bmRkxE1bgkk=","u4vkX0m4P/zc5yp1Rt1iN8h1EihdX6qCSJvMe0Skm2s=","jUcinJii7VZS4SAzv88Uqa7t9jkkzHzggP469dE6XRY=","6B4ZnN2BPPFPUrgpnRart+xcmRfFovS3DyPtkQlfDO8=","74Xeo/6iWmQ4+kFPwkNSuWzhovCkXsuvoKIvlGwIb8Q=","xMM9K4Q81L58f36e/yS0je3j79vAJ6T1YBVGNuU/iAc=","OzDaQDpL1vCgF2IP775VaBS2PeDGWh6WDpqsjIiCXcY=","HNROGqVMYLg9pBxbMJ/omA6JJS8tP6Lal1psCljCPPM=","Zs5YyCdXxhdlHFZjkBbeCdVFBf+Ql8dmc4qtSwAAyDU=","cvbO0TTOMatx7xZZFiyuo8nju9YoD+lphO9VuAfSLWk=","PKJ8FBtx5glWzq56yX0D0g+lguWms2szwjG3sxBKfkI=","JASTheQefVJD0J6ZHgJjT5GJFcUfN67gET6UYYEBZwA=","AkC4BkJOyrxrdXkecmOcIDzJIxVrOugMS+UID+vetQg=","XdI2g0TTlF66GduqUFPPoyUmaIdt2oJ2v2B0O4U+I+I=","uEWWAX4jzGjl8k2h6w3QC6XUiB5xQwRxCI4PM4Yyh3U=","J3Iti6NZgt1bQQBxjwkBkfcRBakNus5b2DMyqdtpEFA=","2Kx6Y+VN45mLu+PapPd8IrL9jQpsll4S7fl8WNTazOc=","gEX3V3TzJDpcLWUM+EXij7pBQcxVMmfb3Jr6ZdW3DD4=","zw46KjYcTJLZq+72/XlxW0nnSaCw9g9ozstth3ptVlw=","w6MoXMdFBsnDHEFDLgqMBZ0F5sQheI5FcM0kjLiBYSY=","6Acrr7xpv8ZbUbKQfqNEolhTbgQwYM0uE/GwkxCK5yU=","H+KxWRy7PQtsHgdl6eEbvbhReUfxXA6A0lfK1imkFQE=","ltzE9fl5Ugd8mX5bFiBTr52282LqGGZao75/ysGiynA=","BzkqXBS7t0m/NwXtxSQdc5szazNP3/tk981IJa84u7E=","4eQ8dDgOWjiYlSdhGTHcZXJ6NrdmJqaNdV5qjzOkPuw=","s7BfwdEVrGMTDjStuKz8leV0Oqd+Xs3K+65iqfNXN68=","zylS/whbUIkR5KXK4r24F3E+fFQs2fSYwfY8T54OopA=","j7o4DNOQJH77wbMN5LfAJ9e9Ffw1SmCvl0UXPNw8WDc=","fxE01uuBojAmrhFAmaoEFhxqeMVs7bZ0oVo5U2PfIWM=","f3EEqfIwgDfca6CzRkIEbP5J3gTirAcKxHTnvqcHmDo=","v3n8DNDyIaukkcZgZ6XjZuVPlL8+bif28/FAcj9N5Kk=","D0/PUyg6v/kMySHKFO7PPPZeHQOlcBlGv79IvoHUdLk=","VHJE0w+8I3eGGLgvxO/wDMIv2HlB5u6iV2Su8J/bfQk=","7hcl5rcpFk5O8u8pgaouEl98hWHNkBLgqcaUK19fw5o=","t5V5/a1Gs98L04jHxckJvgw3RePGtdJUWpv3458u44I=","UyyKd3DliSzcPnoCut96RG7nvQDMAjjBJMJFPVlDUlY=","2eC7xCU9IezZhftHwMyd0o04ZrMraV73EDlQdhluYGk=","+pDSXjXP00wQrp9Dqz/TpBqefF4XkBggp1EYyDCPtJY=","VPTK5QhrcMYctJI+e+7WtKti0k3nXuYDjlMyOUBo2ZQ=","8WkJLdLPqjat9ZsqUB1F5LgvOZ0mfxE4FBw/of42cUM=","gTdgvJ31BlSpsdl0toE4LhHiI7zMmqM3VOAxkW92mZg=","Lg3NX0DfcB7Mkd6FOrTts+AanNkde4eoKEosEUNOPb0=","X6m8Sd77ZDw5q5ZO2o7F4ET3v43s+JH4GneChQXlOew=","mrpDeOv39wIh6wbkgZ/G5K6HlgkSXY9dftu/J4/SRhA="],"block_size":4096,"path":"mirroring_common.js"},{"block_hashes":["PdeShq0SvPQmjFEJzQ4d4K+u2VOpLpe1mjgZOOFu6I8=","or3obUOnYUtufDUyxpue5C/UXwUGSibtXvrTncDoN5E=","kX1V//BNvLZMpEk6cbWyIMT2H6K05GSl7je1ySwsXEc=","b7FNjxYUtPoV0jWbPFHOTC7GO/QgbtyAwXup0pdK8Pk=","OIF5p9eODjFwmprVHF9NVpav2rWw4eTuDG+Zsx8aTdM=","PmncueuMzP9vHcyqkiEJyyjZm8b+gDLRlGoLnsCLYVU=","hcSfgYVQd6p8L+T1Xp2F60tRalOVzFLvoL5UbkrVAQI=","j1U7LZUoTdLeNWzFAI1SgGvA8Wat8FrkktdyFCULpnQ=","YXVOun0DwkdtnMmDQAoFEcVsksCtLuRAxckmX7adhVw=","5on+fvMeWXPPNT0MpHl3e6AMKv4PzetoxfORBcf3yiA=","KyGIb1YVzbgZizSTRVXlwlV4ueW9udNiDQCb5BecCWM=","r2DGi44lTdcL57yQCwNIJRXAMJVJ8KFi57ZwTSjkDV8=","FUPsb50KoT7n/wlTpIUeKQycqR9ETyfHafuwS7DFyuU=","r7AzV8mxB+kAkG4Nh+8D631M/ofzxhXMG7qhPJnBYJc=","p96T1S2Z9o9uj5JFBYthJ6CQvS9k0iwvk8lDr+liGLE=","6KBVBwvcXvmpnr+3Vvb3Mj61cCU1ByUtlZVufzui6eo=","wjc4W7Y4fP46oVwv57roqnFgOw5ScAthbcLB5fy4rjA=","c15IolgN1QVglbhFt/sN1ygGiW6hHvsnyE1vCyH10kA=","PuMvwZywwmxKvz7k+pfG5glvU1dwwQ80FBaDcGf10tI=","SbhPzKSh3QVa3/QMqFtyJAlEhXKMb6GK2gJ3dzAWndk=","ciCXG2p2DEl2mnZjCI5NyE//kBlfFLeFKXalBNVsb60=","zCAXmvrQCUQN5Uw4twXdTyQ0n9BLrwBvH4XtE1k/FIY=","vRm9rzWJ3MDlZp7/wYtHwxTAOkgBkIclsIxCXaq3/tc=","pQAaGt1SsFTwCiAn7USgtfY+Wyaqw79aMb8XfHRwLRc=","gLY029z2omRDIsbVqGIFldBbnALEQU3MQ6t+hQEbR0c=","m5OsnDX0VjphfCgUNv8TFp05qfz/KRlhTxUgSlYGbv4=","dYKof74YyuUTacCCZTOJrChc1dmCLUbFFhvPAhIqpnA=","Q/M+uTKCAWuoRLEOT6kIaW4r6QcbzynbEYh/mVLyPi0=","Mz/CEkErjo6W4zlsjJ25P28kA+WA936jlhzi3N4fVjs=","g3kw8gpoI0yNvgSRW8yl60nzyOxYN+h8hZPo0PguiBM=","oH0vaPvLmvhPVMes2E+Pd/lgjQEqa5oYWpthOUjNOdo=","vzKqELPYUyqsl79AwoUqWXjDcg5+/6NvBocLx9zKQ50=","A/HOx5/1VHSXgMcqRgSZJAZg6eH73S5XHH2xeLp0cp0=","KBCeGXV6DHII60Ij7xHTy4otK21bLEYsjbq2VrhqWd0=","tRTvERlD8t9UTjNlxt8Ah+jMJmH4dAuYOr9MDZagC2I=","Umv3zWfrFbhmxo/+Ryz044TAE4W5K1YD3B4ToJX0CYI=","oPpA4afU9/RzvDE4oJFrtpMhDR9ljUgAPQ6rIrQCuG4=","eqUgJKmsWDEpeyp8f03hCSD2Yus4AYo8A/1u3d7BV/8=","oRW5sxvnXYQEWrgIjiCABaWnEsJM7KlD9KreqeuM45s=","6gOJOZkVwzz3yJgqyM7T0AaBQql9UUd73u89FBJwtHY=","6AeyUN2lkDqKp+yzAHGqTS6clIT/EkRNAyPQEbHAHNE=","ZUDzlC4M5nzo7yC40N83ySFK78Ip5HyWsYdtt0g+i/k=","hGF4UPsZCvlSkOb2Cj7/Mz7MfKQBVJHuTNnxK2oWVxY=","yHmWThV7BmAOGy49Hqh90BcJL7LFH2fcVpvXEvynMQU=","A3A4GDonxMATNsH9FkjT5zJlcw98smE9AvrabuExtGI=","pqqYP+poS39O1uUSoE03Ff8sdwx7qmhpKsNFlHEgp9k=","m/2k09A6nxUFTgEGvkPfflzoFtr9tjRKSauNzqZ6ti0=","4Qx5Rs7dDXCFUla2jgtwe5O2QhrN8egPIi974DsQkoo=","NIP6sIi73fF3KGhAGLmiD7ne5rCYi0Ogp7NQh58HUzo=","DUHWnONVOMqvbM63/zyGnJlf22dSKCjWplM4l3CT6X8=","mN04zWoiqZOCtalqf54WPKdi3+mc73NeY1LHu97RT0I=","CiXaG7i5XZcmqy6cuLPLEA70/OSZFgs94t6VeNMEgPo=","gZgZi+koDD/LA3rxVoA2HuwPmpTP0+heJuU35fCiH08=","1eSV7vlliXOHCNYr8e5vuGRmYqX6XF/KLZlED4w4MOI=","AZvSIMRAn3FMBV0QfXnoq7FXol/Zu1+mkqLQ8US/fbI=","YJLfFn9yyfaRq4Zl4u8/swE0J5rRxmJuwJiorEUpNy8=","hI20ZIdVrksedrzVBfzijgrS/NTAkoMrp6WLzITvgJ8=","bxpLexUMvbacaUinvNhpxzDaxrkMlishMGQWIEwDyR4=","c5cbpHWfxxcITikWYNqPR39s8RM3CroVHSZXhFggGMM=","8kg7AGaHHuuacfUCTjfYNbAztqFc+2cMdfiOf3Ic5KU=","fUOmc71TakWu53FCJQxBCukpqLuAOSWz+/45kom8YMg=","nguLDjtlcfz05oS3EewvZJqtPmmi1a3Y6wyLHoHzVJ8=","JR7x7ZvDr9N4LjaFtId2IFNX7Y+YtD0KuGoDRDDNpPU=","GbM4GqfqcpFWQAs8VWAyJ2oWeQsRvqeGJ+Xj9oUDWdM=","qs+GP80WYMDX34zvJAX4OJt4jW2v2j6rNHhmn5B9s5Q=","wKG1Mgkx3EIMlC1xdXHIgAjyq3qX7YEz237Hz3kBTTI=","uC8APTcObNGExUrdY8ECELP+J0qxdJIwAwveruMphZg=","mZj41GTYID1Uy9NV1Fr7V92aImN/wfhj8o2+6xy/wj4=","xCs7yZV569XlbR/oe0hIpYTitFEvmILHvJvEKvlhQ8o=","HZhNC8RH0gN67+tA/WHc+ewfRIJ032LKs4RFPQ29PtE=","4qoXenDg1eQNvFDTtDsvElDw7CxZmAcU8SqknwQgYRE=","sn9//w/q0ApP3Qi7m+/RJCaLSHY4V1oQ1hwtGOXaRHE=","ITXLOTSuWuA56ubBm3sH6D8v+FIEQI4WQwVScXihY8c=","QqX1f/g/OqL4hjCYAqn40EUH5L0yQHGkZJoUrf08x/E=","hutldkTxcIRnH2bCMp7fciWT/NKYJXKb4qInmhVdVv4=","fZP+8Mcx2/73Vy+SkcK6EJwrHKXQ33A7gaB8XLQgNJI=","ad5a5EjLAzBxLRrGKg4mYr2T3Bqqz7AepYrnjHMtrJM=","Zmjx9+8itm7sJ7tii0o6G8bfz2/FGkpUSLiOGIlfU9A=","rZEuv+CpA+7w/KHrqzR4Nt+VxkrbFzY1KgDYNyHwctM=","LBN4D3DwsUqaDuQAX0vuxZvwCwMamb3mL20pecc4TeQ=","NgUlY1aTQ9Zp75iJv9kVY/sOv1qBNpZr4BvM70fMcw0=","dgHCpc/Y9gp04pNgq6q6Fgb7zCNwJJpvUaTd3+2Petk=","CJWWWhG8Ny214BqLVP6lKJ2mt6C+KGhRXEHho4dKDw0=","lXlvVHw1DsMVoKGFT5sWHMa6prUF5ZzwfdETFtvdUok=","9UarEr5iS8jJBJD4kEqK9sHbbJVB6+7+R1uAFDOeUQY=","cOJH+k1WVSToah/WRs9HbjWg1q2RNsrRaUT0w6hi5Dw=","1nDXbYKeXtlSgFVUqwnlpq1cU1XslwrD9rfOz1r4TcU=","i7CJldKZQltKVKfJC756UBXLoktSdC5z4AfqDyqA60g=","LyDa69tTaoJDcUlkZt3V4pNCKkTaSOporBkZSc3epKA=","a9/gXU9ZnK+5UeLjPRe7YoXio7gJKjZoQY7wGByT4uI=","wV9lQwysAcPkZBVVezWafWZLcB2oL3511tNV58BOooc=","mS8EGtSU5ZVOZ8Ck/yzfVnG3TKJPitEZ4v9g2BEg7z8=","o4XAqvm1p1FIfMv/xwBObrR1Vt8HZJ+/vXb6D1f2hgY=","2RkKosZAUiVCa5s9Hsmu0FLaGDUruI9scJ/vxP9qLNI=","WcC8YLfHwq7DBEV4quzs1+TyIgVPAhJsyFc1sjVkzHU=","VarC4jvf5O4dcaYmnvLcuo6IH1OwslibXSABl4IgF8E=","Q34VlHLB+8Wxy1C9xw7xXCKh3FLyypYlihs1ZIv2o/g=","kwNKrl/umghvPLTiGPgwueqReiOhMwjJgggnZFAfJMw=","0k1of/nrkflMChbEYa+TdgG07JaHQ3ap7QBq1hGxl/8=","wvLd/1gznA9fLrxUTULcHtpYoOgl2j2yL1rl3WPqkzA=","qxWDqKv8n3yvEs0qdw+Jnzz1/McOg0QU67hB6I7GEf4=","Hw07SWSoZMg3NMbMjuaiVaH3qhL75FxXdO3XblARAIs=","vix38uUgV3ZQztQJkJyq1NpQxXOUTMaXOWsUmyMAa8s=","fglLRrSO4vwZh3H+xQx+9WD5BR7hhu9v6MAL/69//cQ=","MwM4KZ9DHsbQ1G0N8sPdCbowdljKCBl+X7hfslmDZEk=","H2coKZESk4xAVjjfV0oHXjIiob7ILMMy2CeuU8sNZvI=","a0ZHSggi2LRsqg4pNFMw2PcGxDck30NHTVCFj1ZG448=","o089JdYifkZWGu7kpzcuXG3ZzFeF5/Zm2w4XSU+oDHs=","dRSOg2ovqFreU+VZdvTa0/kWfOkZankxEJVGK/W+xFU=","pFqTfZfUTwFkRFfrzjopH/c4gaL9yDX6ElzSpZIQf2A=","nVv8CzarO0mTqEVgcVKfLba7GJeWIYhbKLJNtsRMvNA=","EgiLjiEFXP0wLUjMa7XkSdyZ/ikZVE89u9ImyQhHoh4=","yulIk5NJKkq1mNJXu2JGsb/v9BZQnTKqQTqCuejXIBY=","xkniXUAnpTYH5Xi1tJMjA2Qfohz8gGw8d3DZPEgLKUg=","UDLkTRt65WyGor2dVt49D3CxHzairHtA3/qBVCCrUzs=","PMOL6Bc8LEIQuCYDfHN7UAGrkjGYDswUOx/L5eakrF8=","MNBo7VIuZdzm1YW1HfEsS6j6y/9xbrUXHqrQz1WMNXc=","tY9lTPylc4u8u6IUMYj64ir2eeLbbweVDYaiCj3PZLs=","xxyPd+Fz4EVPH7JtAPKbAkwPgPo45t+FSsznzw1wTlg=","zqd62iz9P65X8bomxee0Gx/ck7zOGbJvieIUi71B/so=","MUAmdELJJCvnzpfzxBRlojwqifOHZJOLkD4z3C+5QCM=","8tfxHxIJg1AUgUVVv4iWq+UL7YkozH/NnvAPtZFB6Nw=","l/ua2R3jVbLvXE951nzlMTlnoDelXmcVaEJSrUot4IQ=","GIat6CJ7xPWXIH/O6lmt9BdYJWeVuAOSrowNIu2hZhc=","6plXLssU1F2XRV7j8jHI22UoSArH/0DjarxTav1q+ng=","8qYb2L/fbTzRqVM8q9RjPX/J1UeDHd0vHGtYzfXfjoY=","zbeUsVksRykWJBB0KZsAKxt4B9MSs3+42cRJCeqJJbo=","e44zOqoQOGc45gVCz/1PHZNKF7F782Z1OR7sNEHePwI=","z3w8t4UTJhiJOBdlscw8AgXZ+FSLbAVR4Y7WuaBYAPY=","mV83d+AkOaHXijEzJTl8jqwHbQa7ry7i2YNylPbhK+8=","HLxArhr4ittD/ns33aH4r+wb5DTPMoLMxhJ+dFn8p1c=","CuLlSrqgTiB0sRf+pjpPWj1RwwIuH1g+EUeWsE2xjmk=","1ZMj3t6Dn2ROOXOmLk7fVuQInpdW4Zk5tojCXEFtXdM=","ZZZt3CYSntV4EVmaicDkaE4E3dy8vxFox1dCYq8pAqk=","mJ9eTz3xB9pY2k3WVpkNr9nOmdYSst0I6K9sqYJJU+g=","rCJ5yWS4E4u4EI0h4hD09eF+VayLe1PnDw1rsv7wQTY=","TQwXAFQLMSr/UKOTIaNKnALuNHztxNo8AvP/40g4XfA=","1+DevUk+NjUbTwnACr+19Qwe6RgUnIn5GfetgQKwDo8=","pZ59c+vaJi4gehRYP5Nek8DuPAsk0BAASQO5/zJ+RWY=","DxjABnRaDy5PTWhTYehMFml4LXtzWZZG/YsWH4Dq8zE=","ZJAICm9nTYnP4X4Ql+oDHQYFIQHpNG2nC/BkI+jYDAg=","Nb4d3Eue55RiXZAQdPOZ0Mw+U5gHJk8AKG4v4nShfy8=","R6OQX5EhPkbQEfnKxcs7EMqyauVhjnMnLFgx04f83ck=","sJpPf5BntiQtA/kkcsOStFEPn1XiBL6U2SwYIN1o0Rw=","HE613zA5Y+KGTkNf39yAFZeK1x0F0uuzMEOnTHW740s=","4w8ESxqMIMfbVmXBUti6/KMolY2FHavTrYlpXabtrck=","GYN579XGmK/+5LWbs3cpugW8t5NkGGUv7J8U1QNLQnw=","wwCCBZE7R3En3C1BrHabJr/1euVfVPJh5MbTsUzhoFM=","5kzI3lMlW3pP8XL/dXa34kWu+oGXdYu3ZXyLjbgX8ig=","wcGfjV7blmzPaxnPi02iCaAtEONpjhFiPYkbvJ/iZpw=","HCcbIrn/9Xn4MAw2GbMFhuHi19+CwVapnZhoAU482BI=","Mh08EQUdGjGh1fWBi8UTXGJLPFDCfmfFWpuS341Mbj0=","haN51kyaJDNe++f5Q6FbEO/SMC2PXeS/WDegz6dJ/ew=","bBCdHDFL6cs2+myitO6gT0UlJr28A+UeECTz6nWwWp8=","pkxwUXeJvNQrTT1i0U7upBalcIIdJ7ENqEIILX603h0=","fMs36rH125wEn4TUpJe0S/TzUj4DUniUVoUFeKBG40U=","anUVloPg/Wr04zp1sA8s+tYhy1xjBpk0UmmQkmdXwfo="],"block_size":4096,"path":"mirroring_hangouts.js"},{"block_hashes":["8+bDvn1rsSpeNfzxO5eW6EkK8HX+2w25ifny7166lZM="],"block_size":4096,"path":"mirroring_webrtc.js"}],"version":2}